[
  {
    "capital": "Kabul",
    "code": "af",
    "continent": "Asia",
    "name": "Afghanistan",
    "threeLetterCode": "AFG",
    "flagMainColors": ["black", "red", "green"],
    "flagOtherColors": ["white"],
    "flagFeatures": ["shahada"],
    "flagStructure": ["tricolorVertical"],
    "flagProportion": "2/3"
  },
  {
    "capital": "Mariehamn",
    "code": "ax",
    "continent": "Europe",
    "name": "Aland Islands",
    "flagColors": []
  },
  {
    "capital": "Tirana",
    "code": "al",
    "continent": "Europe",
    "name": "Albania",
    "threeLetterCode": "ALB",
    "flagColors": ["red", "black"],
    "flagFeatures": ["eagle"],
    "flagStructure": ["monocolorField"],
    "flagProportion": "5/7"
  },
  {
    "capital": "Algiers",
    "code": "dz",
    "continent": "Africa",
    "name": "Algeria",
    "threeLetterCode": "DZA",
    "flagMainColors": ["green", "white"],
    "flagOtherColors": ["red"],
    "flagStructure": ["verticalBicolor"],
    "flagFeatures": ["crescent", "fivePointedStar", "star"],
    "flagProportion": "2/3"
  },
  {
    "capital": "Pago Pago",
    "code": "as",
    "continent": "Oceania",
    "name": "American Samoa",
    "flagColors": []
  },
  {
    "capital": "Andorra la Vella",
    "code": "ad",
    "continent": "Europe",
    "name": "Andorra",
    "threeLetterCode": "AND",
    "flagMainColors": ["blue", "yellow", "red"],
    "flagOtherColors": [],
    "flagStructure": ["verticalTricolor"],
    "flagFeatures": ["coatOfArms"],
    "flagProportion": "7/10"
  },
  {
    "capital": "Luanda",
    "code": "ao",
    "continent": "Africa",
    "name": "Angola",
    "threeLetterCode": "AGO",
    "flagMainColors": ["black", "red"],
    "flagOtherColors": ["yellow"],
    "flagStructure": ["horizontalBicolor"],
    "flagFeatures": ["machete", "fivePointedStar", "star", "half-cogwheel"],
    "flagProportion": "2/3"
  },
  {
    "capital": "The Valley",
    "code": "ai",
    "continent": "North America",
    "name": "Anguilla",
    "flagColors": []
  },
  {
    "code": "aq",
    "name": "Antarctica",
    "flagColors": []
  },
  {
    "capital": "St. John's",
    "code": "ag",
    "continent": "North America",
    "name": "Antigua and Barbuda",
    "threeLetterCode": "ATG",
    "flagMainColors": ["red", "white", "blue", "black"],
    "flagOtherColors": ["yellow"],
    "flagStructure": ["horizontalTricolor", "invertedTriangles"],
    "flagFeatures": ["sun"],
    "flagProportion": "2/3"
  },
  {
    "capital": "Buenos Aires",
    "code": "ar",
    "continent": "South America",
    "name": "Argentina",
    "threeLetterCode": "ARG",
    "flagMainColors": ["sky blue", "white"],
    "flagOtherColors": ["yellow"],
    "flagStructure": ["horizontalTricolor"],
    "flagFeatures": ["sun"],
    "flagProportion": "9/14"
  },
  {
    "capital": "Yerevan",
    "code": "am",
    "continent": "Asia",
    "name": "Armenia",
    "threeLetterCode": "ARM",
    "flagMainColors": ["yellow", "blue", "red"],
    "flagOtherColors": [],
    "flagStructure": ["horizontalTricolor"],
    "flagFeatures": [],
    "flagProportion": "1/2"
  },
  {
    "capital": "Oranjestad",
    "code": "aw",
    "continent": "South America",
    "name": "Aruba",
    "flagColors": []
  },
  {
    "capital": "Georgetown",
    "code": "sh-ac",
    "continent": "Africa",
    "name": "Ascension Island",
    "flagColors": []
  },
  {
    "code": "asean",
    "name": "Association of Southeast Asian Nations",
    "flagColors": []
  },
  {
    "capital": "Canberra",
    "code": "au",
    "continent": "Oceania",
    "name": "Australia",
    "threeLetterCode": "AUS",
    "flagMainColors": ["blue"],
    "flagOtherColors": ["white", "red"],
    "flagStructure": ["monocolorField"],
    "flagFeatures": [
      "unionJack",
      "southernCross",
      "commonWealthStar",
      "fivePointedStar",
      "sevenPointedStar",
      "star"
    ],
    "flagProportion": "1/2"
  },
  {
    "capital": "Vienna",
    "code": "at",
    "continent": "Europe",
    "name": "Austria",
    "threeLetterCode": "AUT",
    "flagMainColors": ["red", "white"],
    "flagOtherColors": [],
    "flagStructure": ["horizontalTricolor"],
    "flagFeatures": [],
    "flagProportion": "2/3"
  },
  {
    "capital": "Baku",
    "code": "az",
    "continent": "Asia",
    "name": "Azerbaijan",
    "threeLetterCode": "AZE",
    "flagMainColors": ["red", "green", "cyan"],
    "flagOtherColors": ["white"],
    "flagStructure": ["horizontalTricolor"],
    "flagFeatures": ["crescent", "eightPointedStar", "star"],
    "flagProportion": "1/2"
  },
  {
    "capital": "Nassau",
    "code": "bs",
    "continent": "North America",
    "name": "Bahamas",
    "threeLetterCode": "BHS",
    "flagMainColors": ["aquamarine ", "yellow", "black"],
    "flagOtherColors": [],
    "flagStructure": ["horizontalTricolor", "hoistSideChevron"],
    "flagFeatures": ["crescent", "eightPointedStar", "star"],
    "flagProportion": "1/2"
  },
  {
    "capital": "Manama",
    "code": "bh",
    "continent": "Asia",
    "name": "Bahrain",
    "threeLetterCode": "BHR",
    "flagMainColors": ["white", "red"],
    "flagOtherColors": [],
    "flagStructure": ["verticalBicolor"],
    "flagFeatures": ["serratedLine"],
    "flagProportion": "3/5"
  },
  {
    "capital": "Dhaka",
    "code": "bd",
    "continent": "Asia",
    "name": "Bangladesh",
    "threeLetterCode": "BGD",
    "flagMainColors": ["green", "red"],
    "flagOtherColors": [],
    "flagStructure": ["disc"],
    "flagFeatures": ["disc"],
    "flagProportion": "3/5"
  },
  {
    "capital": "Bridgetown",
    "code": "bb",
    "continent": "North America",
    "name": "Barbados",
    "threeLetterCode": "BRB",
    "flagMainColors": ["blue", "yellow"],
    "flagOtherColors": ["black"],
    "flagStructure": ["verticalTricolor"],
    "flagFeatures": ["tridentHead"],
    "flagProportion": "2/3"
  },
  {
    "code": "es-pv",
    "name": "Basque Country",
    "flagColors": []
  },
  {
    "capital": "Minsk",
    "code": "by",
    "continent": "Europe",
    "name": "Belarus",
    "threeLetterCode": "BLR",
    "flagMainColors": ["red", "green"],
    "flagOtherColors": ["white"],
    "flagStructure": ["horizontalBicolor"],
    "flagFeatures": ["ornamentalPattern"],
    "flagProportion": "1/2"
  },
  {
    "capital": "Brussels",
    "code": "be",
    "continent": "Europe",
    "name": "Belgium",
    "threeLetterCode": "BEL",
    "flagMainColors": ["black", "yellow", "red"],
    "flagOtherColors": [],
    "flagStructure": ["verticalTricolor"],
    "flagFeatures": [],
    "flagProportion": "13/15"
  },
  {
    "capital": "Belmopan",
    "code": "bz",
    "continent": "North America",
    "name": "Belize",
    "threeLetterCode": "BLZ",
    "flagMainColors": ["red", "blue"],
    "flagOtherColors": ["green", "brown", "yellow", "blue"],
    "flagStructure": ["fieldWithVerticalStrips"],
    "flagFeatures": ["coatOfArms"],
    "flagProportion": "2/3"
  },
  {
    "capital": "Porto-Novo",
    "code": "bj",
    "continent": "Africa",
    "name": "Benin",
    "threeLetterCode": "BEN",
    "flagColors": []
  },
  {
    "capital": "Hamilton",
    "code": "bm",
    "continent": "North America",
    "name": "Bermuda",
    "flagColors": []
  },
  {
    "capital": "Thimphu",
    "code": "bt",
    "continent": "Asia",
    "name": "Bhutan",
    "threeLetterCode": "BTN",
    "flagColors": []
  },
  {
    "capital": "Sucre",
    "code": "bo",
    "continent": "South America",
    "name": "Bolivia",
    "threeLetterCode": "BOL",
    "flagColors": []
  },
  {
    "capital": "Kralendijk",
    "code": "bq",
    "continent": "South America",
    "name": "Bonaire, Sint Eustatius and Saba",
    "flagColors": []
  },
  {
    "capital": "Sarajevo",
    "code": "ba",
    "continent": "Europe",
    "name": "Bosnia and Herzegovina",
    "threeLetterCode": "BIH",
    "flagColors": []
  },
  {
    "capital": "Gaborone",
    "code": "bw",
    "continent": "Africa",
    "name": "Botswana",
    "threeLetterCode": "BWA",
    "flagColors": []
  },
  {
    "code": "bv",
    "name": "Bouvet Island",
    "flagColors": []
  },
  {
    "capital": "Brasília",
    "code": "br",
    "continent": "South America",
    "name": "Brazil",
    "threeLetterCode": "BRA",
    "flagColors": []
  },
  {
    "capital": "Diego Garcia",
    "code": "io",
    "continent": "Asia",
    "name": "British Indian Ocean Territory",
    "flagColors": []
  },
  {
    "capital": "Bandar Seri Begawan",
    "code": "bn",
    "continent": "Asia",
    "name": "Brunei Darussalam",
    "threeLetterCode": "BRN",
    "flagColors": []
  },
  {
    "capital": "Sofia",
    "code": "bg",
    "continent": "Europe",
    "name": "Bulgaria",
    "threeLetterCode": "BGR",
    "flagColors": []
  },
  {
    "capital": "Ouagadougou",
    "code": "bf",
    "continent": "Africa",
    "name": "Burkina Faso",
    "threeLetterCode": "BFA",
    "flagColors": []
  },
  {
    "capital": "Bujumbura",
    "code": "bi",
    "continent": "Africa",
    "name": "Burundi",
    "threeLetterCode": "BDI",
    "flagColors": []
  },
  {
    "capital": "Praia",
    "code": "cv",
    "continent": "Africa",
    "name": "Cabo Verde",
    "threeLetterCode": "CPV",
    "flagColors": []
  },
  {
    "capital": "Phnom Penh",
    "code": "kh",
    "continent": "Asia",
    "name": "Cambodia",
    "threeLetterCode": "KHM",
    "flagColors": []
  },
  {
    "capital": "Yaoundé",
    "code": "cm",
    "continent": "Africa",
    "name": "Cameroon",
    "threeLetterCode": "CMR",
    "flagColors": []
  },
  {
    "capital": "Ottawa",
    "code": "ca",
    "continent": "North America",
    "name": "Canada",
    "threeLetterCode": "CAN",
    "flagColors": []
  },
  {
    "code": "ic",
    "name": "Canary Islands",
    "flagColors": []
  },
  {
    "code": "es-ct",
    "name": "Catalonia",
    "flagColors": []
  },
  {
    "capital": "George Town",
    "code": "ky",
    "continent": "North America",
    "name": "Cayman Islands",
    "flagColors": []
  },
  {
    "capital": "Bangui",
    "code": "cf",
    "continent": "Africa",
    "name": "Central African Republic",
    "threeLetterCode": "CAF",
    "flagColors": []
  },
  {
    "code": "cefta",
    "name": "Central European Free Trade Agreement",
    "flagColors": []
  },
  {
    "capital": "N'Djamena",
    "code": "td",
    "continent": "Africa",
    "name": "Chad",
    "threeLetterCode": "TCD",
    "flagColors": []
  },
  {
    "capital": "Santiago",
    "code": "cl",
    "continent": "South America",
    "name": "Chile",
    "threeLetterCode": "CHL",
    "flagColors": []
  },
  {
    "capital": "Beijing",
    "code": "cn",
    "continent": "Asia",
    "name": "China",
    "threeLetterCode": "CHN",
    "flagColors": []
  },
  {
    "capital": "Flying Fish Cove",
    "code": "cx",
    "continent": "Asia",
    "name": "Christmas Island",
    "flagColors": []
  },
  {
    "code": "cp",
    "name": "Clipperton Island",
    "flagColors": []
  },
  {
    "capital": "West Island",
    "code": "cc",
    "continent": "Asia",
    "name": "Cocos (Keeling) Islands",
    "flagColors": []
  },
  {
    "capital": "Bogotá",
    "code": "co",
    "continent": "South America",
    "name": "Colombia",
    "threeLetterCode": "COL",
    "flagColors": []
  },
  {
    "capital": "Moroni",
    "code": "km",
    "continent": "Africa",
    "name": "Comoros",
    "threeLetterCode": "COM",
    "flagColors": []
  },
  {
    "capital": "Avarua",
    "code": "ck",
    "continent": "Oceania",
    "name": "Cook Islands",
    "flagColors": []
  },
  {
    "capital": "San José",
    "code": "cr",
    "continent": "North America",
    "name": "Costa Rica",
    "threeLetterCode": "CRI",
    "flagColors": []
  },
  {
    "capital": "Zagreb",
    "code": "hr",
    "continent": "Europe",
    "name": "Croatia",
    "threeLetterCode": "HRV",
    "flagColors": []
  },
  {
    "capital": "Havana",
    "code": "cu",
    "continent": "North America",
    "name": "Cuba",
    "threeLetterCode": "CUB",
    "flagColors": []
  },
  {
    "capital": "Willemstad",
    "code": "cw",
    "continent": "South America",
    "name": "Curaçao",
    "flagColors": []
  },
  {
    "capital": "Nicosia",
    "code": "cy",
    "continent": "Europe",
    "name": "Cyprus",
    "threeLetterCode": "CYP",
    "flagColors": []
  },
  {
    "capital": "Prague",
    "code": "cz",
    "continent": "Europe",
    "name": "Czech Republic",
    "threeLetterCode": "CZE",
    "flagColors": []
  },
  {
    "capital": "Yamoussoukro",
    "code": "ci",
    "continent": "Africa",
    "name": "Côte d'Ivoire",
    "threeLetterCode": "CIV",
    "flagColors": []
  },
  {
    "capital": "Kinshasa",
    "code": "cd",
    "continent": "Africa",
    "name": "Democratic Republic of the Congo",
    "threeLetterCode": "COD",
    "flagColors": []
  },
  {
    "capital": "Copenhagen",
    "code": "dk",
    "continent": "Europe",
    "name": "Denmark",
    "threeLetterCode": "DNK",
    "flagColors": []
  },
  {
    "code": "dg",
    "name": "Diego Garcia",
    "flagColors": []
  },
  {
    "capital": "Djibouti",
    "code": "dj",
    "continent": "Africa",
    "name": "Djibouti",
    "threeLetterCode": "DJI",
    "flagColors": []
  },
  {
    "capital": "Roseau",
    "code": "dm",
    "continent": "North America",
    "name": "Dominica",
    "threeLetterCode": "DMA",
    "flagColors": []
  },
  {
    "capital": "Santo Domingo",
    "code": "do",
    "continent": "North America",
    "name": "Dominican Republic",
    "threeLetterCode": "DOM",
    "flagColors": []
  },
  {
    "code": "eac",
    "name": "East African Community",
    "flagColors": []
  },
  {
    "capital": "Quito",
    "code": "ec",
    "continent": "South America",
    "name": "Ecuador",
    "threeLetterCode": "ECU",
    "flagColors": []
  },
  {
    "capital": "Cairo",
    "code": "eg",
    "continent": "Africa",
    "name": "Egypt",
    "threeLetterCode": "EGY",
    "flagColors": []
  },
  {
    "capital": "San Salvador",
    "code": "sv",
    "continent": "North America",
    "name": "El Salvador",
    "threeLetterCode": "SLV",
    "flagColors": []
  },
  {
    "capital": "London",
    "code": "gb-eng",
    "continent": "Europe",
    "name": "England",
    "flagColors": []
  },
  {
    "capital": "Malabo",
    "code": "gq",
    "continent": "Africa",
    "name": "Equatorial Guinea",
    "threeLetterCode": "GNQ",
    "flagColors": []
  },
  {
    "capital": "Asmara",
    "code": "er",
    "continent": "Africa",
    "name": "Eritrea",
    "threeLetterCode": "ERI",
    "flagColors": []
  },
  {
    "capital": "Tallinn",
    "code": "ee",
    "continent": "Europe",
    "name": "Estonia",
    "threeLetterCode": "EST",
    "flagColors": []
  },
  {
    "capital": "Lobamba, Mbabane",
    "code": "sz",
    "continent": "Africa",
    "name": "Eswatini",
    "threeLetterCode": "SWZ",
    "flagColors": []
  },
  {
    "capital": "Addis Ababa",
    "code": "et",
    "continent": "Africa",
    "name": "Ethiopia",
    "threeLetterCode": "ETH",
    "flagColors": []
  },
  {
    "code": "eu",
    "name": "Europe",
    "flagColors": []
  },
  {
    "capital": "Stanley",
    "code": "fk",
    "continent": "South America",
    "name": "Falkland Islands",
    "flagColors": []
  },
  {
    "capital": "Tórshavn",
    "code": "fo",
    "continent": "Europe",
    "name": "Faroe Islands",
    "flagColors": []
  },
  {
    "capital": "Palikir",
    "code": "fm",
    "continent": "Oceania",
    "name": "Federated States of Micronesia",
    "threeLetterCode": "FSM",
    "flagColors": []
  },
  {
    "capital": "Suva",
    "code": "fj",
    "continent": "Oceania",
    "name": "Fiji",
    "threeLetterCode": "FJI",
    "flagColors": []
  },
  {
    "capital": "Helsinki",
    "code": "fi",
    "continent": "Europe",
    "name": "Finland",
    "threeLetterCode": "FIN",
    "flagColors": []
  },
  {
    "capital": "Paris",
    "code": "fr",
    "continent": "Europe",
    "name": "France",
    "threeLetterCode": "FRA",
    "flagColors": []
  },
  {
    "capital": "Cayenne",
    "code": "gf",
    "continent": "South America",
    "name": "French Guiana",
    "flagColors": []
  },
  {
    "capital": "Papeete",
    "code": "pf",
    "continent": "Oceania",
    "name": "French Polynesia",
    "flagColors": []
  },
  {
    "capital": "Saint-Pierre, Réunion",
    "code": "tf",
    "continent": "Africa",
    "name": "French Southern Territories",
    "flagColors": []
  },
  {
    "capital": "Libreville",
    "code": "ga",
    "continent": "Africa",
    "name": "Gabon",
    "threeLetterCode": "GAB",
    "flagColors": []
  },
  {
    "code": "es-ga",
    "name": "Galicia",
    "flagColors": []
  },
  {
    "capital": "Banjul",
    "code": "gm",
    "continent": "Africa",
    "name": "Gambia",
    "threeLetterCode": "GMB",
    "flagColors": []
  },
  {
    "capital": "Tbilisi",
    "code": "ge",
    "continent": "Asia",
    "name": "Georgia",
    "threeLetterCode": "GEO",
    "flagColors": []
  },
  {
    "capital": "Berlin",
    "code": "de",
    "continent": "Europe",
    "name": "Germany",
    "threeLetterCode": "DEU",
    "flagColors": []
  },
  {
    "capital": "Accra",
    "code": "gh",
    "continent": "Africa",
    "name": "Ghana",
    "threeLetterCode": "GHA",
    "flagColors": []
  },
  {
    "capital": "Gibraltar",
    "code": "gi",
    "continent": "Europe",
    "name": "Gibraltar",
    "flagColors": []
  },
  {
    "capital": "Athens",
    "code": "gr",
    "continent": "Europe",
    "name": "Greece",
    "threeLetterCode": "GRC",
    "flagColors": []
  },
  {
    "capital": "Nuuk",
    "code": "gl",
    "continent": "North America",
    "name": "Greenland",
    "flagColors": []
  },
  {
    "capital": "St. George's",
    "code": "gd",
    "continent": "North America",
    "name": "Grenada",
    "threeLetterCode": "GRD",
    "flagColors": []
  },
  {
    "capital": "Basse-Terre",
    "code": "gp",
    "continent": "North America",
    "name": "Guadeloupe",
    "flagColors": []
  },
  {
    "capital": "Hagåtña",
    "code": "gu",
    "continent": "Oceania",
    "name": "Guam",
    "flagColors": []
  },
  {
    "capital": "Guatemala City",
    "code": "gt",
    "continent": "North America",
    "name": "Guatemala",
    "threeLetterCode": "GTM",
    "flagColors": []
  },
  {
    "capital": "Saint Peter Port",
    "code": "gg",
    "continent": "Europe",
    "name": "Guernsey",
    "flagColors": []
  },
  {
    "capital": "Conakry",
    "code": "gn",
    "continent": "Africa",
    "name": "Guinea",
    "threeLetterCode": "GIN",
    "flagColors": []
  },
  {
    "capital": "Bissau",
    "code": "gw",
    "continent": "Africa",
    "name": "Guinea-Bissau",
    "threeLetterCode": "GNB",
    "flagColors": []
  },
  {
    "capital": "Georgetown",
    "code": "gy",
    "continent": "South America",
    "name": "Guyana",
    "threeLetterCode": "GUY",
    "flagColors": []
  },
  {
    "capital": "Port-au-Prince",
    "code": "ht",
    "continent": "North America",
    "name": "Haiti",
    "threeLetterCode": "HTI",
    "flagColors": []
  },
  {
    "code": "hm",
    "name": "Heard Island and McDonald Islands",
    "flagColors": []
  },
  {
    "capital": "Vatican City",
    "code": "va",
    "continent": "Europe",
    "name": "Holy See",
    "threeLetterCode": "VAT",
    "flagColors": []
  },
  {
    "capital": "Tegucigalpa",
    "code": "hn",
    "continent": "North America",
    "name": "Honduras",
    "threeLetterCode": "HND",
    "flagColors": []
  },
  {
    "capital": "Hong Kong",
    "code": "hk",
    "continent": "Asia",
    "name": "Hong Kong",
    "flagColors": []
  },
  {
    "capital": "Budapest",
    "code": "hu",
    "continent": "Europe",
    "name": "Hungary",
    "threeLetterCode": "HUN",
    "flagColors": []
  },
  {
    "capital": "Reykjavik",
    "code": "is",
    "continent": "Europe",
    "name": "Iceland",
    "threeLetterCode": "ISL",
    "flagColors": []
  },
  {
    "capital": "New Delhi",
    "code": "in",
    "continent": "Asia",
    "name": "India",
    "threeLetterCode": "IND",
    "flagColors": []
  },
  {
    "capital": "Jakarta",
    "code": "id",
    "continent": "Asia",
    "name": "Indonesia",
    "threeLetterCode": "IDN",
    "flagColors": []
  },
  {
    "capital": "Tehran",
    "code": "ir",
    "continent": "Asia",
    "name": "Iran",
    "threeLetterCode": "IRN",
    "flagColors": []
  },
  {
    "capital": "Baghdad",
    "code": "iq",
    "continent": "Asia",
    "name": "Iraq",
    "threeLetterCode": "IRQ",
    "flagColors": []
  },
  {
    "capital": "Dublin",
    "code": "ie",
    "continent": "Europe",
    "name": "Ireland",
    "threeLetterCode": "IRL",
    "flagColors": []
  },
  {
    "capital": "Douglas",
    "code": "im",
    "continent": "Europe",
    "name": "Isle of Man",
    "flagColors": []
  },
  {
    "capital": "Jerusalem",
    "code": "il",
    "continent": "Asia",
    "name": "Israel",
    "threeLetterCode": "ISR",
    "flagColors": []
  },
  {
    "capital": "Rome",
    "code": "it",
    "continent": "Europe",
    "name": "Italy",
    "threeLetterCode": "ITA",
    "flagColors": []
  },
  {
    "capital": "Kingston",
    "code": "jm",
    "continent": "North America",
    "name": "Jamaica",
    "threeLetterCode": "JAM",
    "flagColors": []
  },
  {
    "capital": "Tokyo",
    "code": "jp",
    "continent": "Asia",
    "name": "Japan",
    "threeLetterCode": "JPN",
    "flagColors": []
  },
  {
    "capital": "Saint Helier",
    "code": "je",
    "continent": "Europe",
    "name": "Jersey",
    "flagColors": []
  },
  {
    "capital": "Amman",
    "code": "jo",
    "continent": "Asia",
    "name": "Jordan",
    "threeLetterCode": "JOR",
    "flagColors": []
  },
  {
    "capital": "Astana",
    "code": "kz",
    "continent": "Asia",
    "name": "Kazakhstan",
    "threeLetterCode": "KAZ",
    "flagColors": []
  },
  {
    "capital": "Nairobi",
    "code": "ke",
    "continent": "Africa",
    "name": "Kenya",
    "threeLetterCode": "KEN",
    "flagColors": []
  },
  {
    "capital": "South Tarawa",
    "code": "ki",
    "continent": "Oceania",
    "name": "Kiribati",
    "threeLetterCode": "KIR",
    "flagColors": []
  },
  {
    "capital": "Pristina",
    "code": "xk",
    "continent": "Europe",
    "name": "Kosovo",
    "flagColors": []
  },
  {
    "capital": "Kuwait City",
    "code": "kw",
    "continent": "Asia",
    "name": "Kuwait",
    "threeLetterCode": "KWT",
    "flagColors": []
  },
  {
    "capital": "Bishkek",
    "code": "kg",
    "continent": "Asia",
    "name": "Kyrgyzstan",
    "threeLetterCode": "KGZ",
    "flagColors": []
  },
  {
    "capital": "Vientiane",
    "code": "la",
    "continent": "Asia",
    "name": "Laos",
    "threeLetterCode": "LAO",
    "flagColors": []
  },
  {
    "capital": "Riga",
    "code": "lv",
    "continent": "Europe",
    "name": "Latvia",
    "threeLetterCode": "LVA",
    "flagColors": []
  },
  {
    "code": "arab",
    "name": "League of Arab States",
    "flagColors": []
  },
  {
    "capital": "Beirut",
    "code": "lb",
    "continent": "Asia",
    "name": "Lebanon",
    "threeLetterCode": "LBN",
    "flagColors": []
  },
  {
    "capital": "Maseru",
    "code": "ls",
    "continent": "Africa",
    "name": "Lesotho",
    "threeLetterCode": "LSO",
    "flagColors": []
  },
  {
    "capital": "Monrovia",
    "code": "lr",
    "continent": "Africa",
    "name": "Liberia",
    "threeLetterCode": "LBR",
    "flagColors": []
  },
  {
    "capital": "Tripoli",
    "code": "ly",
    "continent": "Africa",
    "name": "Libya",
    "threeLetterCode": "LBY",
    "flagColors": []
  },
  {
    "capital": "Vaduz",
    "code": "li",
    "continent": "Europe",
    "name": "Liechtenstein",
    "threeLetterCode": "LIE",
    "flagColors": []
  },
  {
    "capital": "Vilnius",
    "code": "lt",
    "continent": "Europe",
    "name": "Lithuania",
    "threeLetterCode": "LTU",
    "flagColors": []
  },
  {
    "capital": "Luxembourg City",
    "code": "lu",
    "continent": "Europe",
    "name": "Luxembourg",
    "threeLetterCode": "LUX",
    "flagColors": []
  },
  {
    "capital": "Macau",
    "code": "mo",
    "continent": "Asia",
    "name": "Macau",
    "flagColors": []
  },
  {
    "capital": "Antananarivo",
    "code": "mg",
    "continent": "Africa",
    "name": "Madagascar",
    "threeLetterCode": "MDG",
    "flagColors": []
  },
  {
    "capital": "Lilongwe",
    "code": "mw",
    "continent": "Africa",
    "name": "Malawi",
    "threeLetterCode": "MWI",
    "flagColors": []
  },
  {
    "capital": "Kuala Lumpur",
    "code": "my",
    "continent": "Asia",
    "name": "Malaysia",
    "threeLetterCode": "MYS",
    "flagColors": []
  },
  {
    "capital": "Malé",
    "code": "mv",
    "continent": "Asia",
    "name": "Maldives",
    "threeLetterCode": "MDV",
    "flagColors": []
  },
  {
    "capital": "Bamako",
    "code": "ml",
    "continent": "Africa",
    "name": "Mali",
    "threeLetterCode": "MLI",
    "flagColors": []
  },
  {
    "capital": "Valletta",
    "code": "mt",
    "continent": "Europe",
    "name": "Malta",
    "threeLetterCode": "MLT",
    "flagColors": []
  },
  {
    "capital": "Majuro",
    "code": "mh",
    "continent": "Oceania",
    "name": "Marshall Islands",
    "threeLetterCode": "MHL",
    "flagColors": []
  },
  {
    "capital": "Fort-de-France",
    "code": "mq",
    "continent": "North America",
    "name": "Martinique",
    "flagColors": []
  },
  {
    "capital": "Nouakchott",
    "code": "mr",
    "continent": "Africa",
    "name": "Mauritania",
    "threeLetterCode": "MRT",
    "flagColors": []
  },
  {
    "capital": "Port Louis",
    "code": "mu",
    "continent": "Africa",
    "name": "Mauritius",
    "threeLetterCode": "MUS",
    "flagColors": []
  },
  {
    "capital": "Mamoudzou",
    "code": "yt",
    "continent": "Africa",
    "name": "Mayotte",
    "flagColors": []
  },
  {
    "capital": "Mexico City",
    "code": "mx",
    "continent": "North America",
    "name": "Mexico",
    "threeLetterCode": "MEX",
    "flagColors": []
  },
  {
    "capital": "Chișinău",
    "code": "md",
    "continent": "Europe",
    "name": "Moldova",
    "threeLetterCode": "MDA",
    "flagColors": []
  },
  {
    "capital": "Monaco",
    "code": "mc",
    "continent": "Europe",
    "name": "Monaco",
    "threeLetterCode": "MCO",
    "flagColors": []
  },
  {
    "capital": "Ulaanbaatar",
    "code": "mn",
    "continent": "Asia",
    "name": "Mongolia",
    "threeLetterCode": "MNG",
    "flagColors": []
  },
  {
    "capital": "Podgorica",
    "code": "me",
    "continent": "Europe",
    "name": "Montenegro",
    "threeLetterCode": "MNE",
    "flagColors": []
  },
  {
    "capital": "Little Bay, Brades, Plymouth",
    "code": "ms",
    "continent": "North America",
    "name": "Montserrat",
    "flagColors": []
  },
  {
    "capital": "Rabat",
    "code": "ma",
    "continent": "Africa",
    "name": "Morocco",
    "threeLetterCode": "MAR",
    "flagColors": []
  },
  {
    "capital": "Maputo",
    "code": "mz",
    "continent": "Africa",
    "name": "Mozambique",
    "threeLetterCode": "MOZ",
    "flagColors": []
  },
  {
    "capital": "Naypyidaw",
    "code": "mm",
    "continent": "Asia",
    "name": "Myanmar",
    "threeLetterCode": "MMR",
    "flagColors": []
  },
  {
    "capital": "Windhoek",
    "code": "na",
    "continent": "Africa",
    "name": "Namibia",
    "threeLetterCode": "NAM",
    "flagColors": []
  },
  {
    "capital": "Yaren District",
    "code": "nr",
    "continent": "Oceania",
    "name": "Nauru",
    "threeLetterCode": "NRU",
    "flagColors": []
  },
  {
    "capital": "Kathmandu",
    "code": "np",
    "continent": "Asia",
    "name": "Nepal",
    "threeLetterCode": "NPL",
    "flagColors": []
  },
  {
    "capital": "Amsterdam",
    "code": "nl",
    "continent": "Europe",
    "name": "Netherlands",
    "threeLetterCode": "NLD",
    "flagColors": []
  },
  {
    "capital": "Nouméa",
    "code": "nc",
    "continent": "Oceania",
    "name": "New Caledonia",
    "flagColors": []
  },
  {
    "capital": "Wellington",
    "code": "nz",
    "continent": "Oceania",
    "name": "New Zealand",
    "threeLetterCode": "NZL",
    "flagColors": []
  },
  {
    "capital": "Managua",
    "code": "ni",
    "continent": "North America",
    "name": "Nicaragua",
    "threeLetterCode": "NIC",
    "flagColors": []
  },
  {
    "capital": "Niamey",
    "code": "ne",
    "continent": "Africa",
    "name": "Niger",
    "threeLetterCode": "NER",
    "flagColors": []
  },
  {
    "capital": "Abuja",
    "code": "ng",
    "continent": "Africa",
    "name": "Nigeria",
    "threeLetterCode": "NGA",
    "flagColors": []
  },
  {
    "capital": "Alofi",
    "code": "nu",
    "continent": "Oceania",
    "name": "Niue",
    "flagColors": []
  },
  {
    "capital": "Kingston",
    "code": "nf",
    "continent": "Oceania",
    "name": "Norfolk Island",
    "flagColors": []
  },
  {
    "capital": "Pyongyang",
    "code": "kp",
    "continent": "Asia",
    "name": "North Korea",
    "threeLetterCode": "PRK",
    "flagColors": []
  },
  {
    "capital": "Skopje",
    "code": "mk",
    "continent": "Europe",
    "name": "North Macedonia",
    "threeLetterCode": "MKD",
    "flagColors": []
  },
  {
    "capital": "Belfast",
    "code": "gb-nir",
    "continent": "Europe",
    "name": "Northern Ireland",
    "flagColors": []
  },
  {
    "capital": "Saipan",
    "code": "mp",
    "continent": "Oceania",
    "name": "Northern Mariana Islands",
    "flagColors": []
  },
  {
    "capital": "Oslo",
    "code": "no",
    "continent": "Europe",
    "name": "Norway",
    "threeLetterCode": "NOR",
    "flagColors": []
  },
  {
    "capital": "Muscat",
    "code": "om",
    "continent": "Asia",
    "name": "Oman",
    "threeLetterCode": "OMN",
    "flagColors": []
  },
  {
    "code": "pc",
    "name": "Pacific Community",
    "flagColors": []
  },
  {
    "capital": "Islamabad",
    "code": "pk",
    "continent": "Asia",
    "name": "Pakistan",
    "threeLetterCode": "PAK",
    "flagColors": []
  },
  {
    "capital": "Ngerulmud",
    "code": "pw",
    "continent": "Oceania",
    "name": "Palau",
    "threeLetterCode": "PLW",
    "flagColors": []
  },
  {
    "capital": "Panama City",
    "code": "pa",
    "continent": "North America",
    "name": "Panama",
    "threeLetterCode": "PAN",
    "flagColors": []
  },
  {
    "capital": "Port Moresby",
    "code": "pg",
    "continent": "Oceania",
    "name": "Papua New Guinea",
    "threeLetterCode": "PNG",
    "flagColors": []
  },
  {
    "capital": "Asunción",
    "code": "py",
    "continent": "South America",
    "name": "Paraguay",
    "threeLetterCode": "PRY",
    "flagColors": []
  },
  {
    "capital": "Lima",
    "code": "pe",
    "continent": "South America",
    "name": "Peru",
    "threeLetterCode": "PER",
    "flagColors": []
  },
  {
    "capital": "Manila",
    "code": "ph",
    "continent": "Asia",
    "name": "Philippines",
    "threeLetterCode": "PHL",
    "flagColors": []
  },
  {
    "capital": "Adamstown",
    "code": "pn",
    "continent": "Oceania",
    "name": "Pitcairn",
    "flagColors": []
  },
  {
    "capital": "Warsaw",
    "code": "pl",
    "continent": "Europe",
    "name": "Poland",
    "threeLetterCode": "POL",
    "flagColors": []
  },
  {
    "capital": "Lisbon",
    "code": "pt",
    "continent": "Europe",
    "name": "Portugal",
    "threeLetterCode": "PRT",
    "flagColors": []
  },
  {
    "capital": "San Juan",
    "code": "pr",
    "continent": "North America",
    "name": "Puerto Rico",
    "flagColors": []
  },
  {
    "capital": "Doha",
    "code": "qa",
    "continent": "Asia",
    "name": "Qatar",
    "threeLetterCode": "QAT",
    "flagColors": []
  },
  {
    "capital": "Brazzaville",
    "code": "cg",
    "continent": "Africa",
    "name": "Republic of the Congo",
    "threeLetterCode": "COG",
    "flagColors": []
  },
  {
    "capital": "Bucharest",
    "code": "ro",
    "continent": "Europe",
    "name": "Romania",
    "threeLetterCode": "ROU",
    "flagColors": []
  },
  {
    "capital": "Moscow",
    "code": "ru",
    "continent": "Europe",
    "name": "Russia",
    "threeLetterCode": "RUS",
    "flagColors": []
  },
  {
    "capital": "Kigali",
    "code": "rw",
    "continent": "Africa",
    "name": "Rwanda",
    "threeLetterCode": "RWA",
    "flagColors": []
  },
  {
    "capital": "Saint-Denis",
    "code": "re",
    "continent": "Africa",
    "name": "Réunion",
    "flagColors": []
  },
  {
    "capital": "Gustavia",
    "code": "bl",
    "continent": "North America",
    "name": "Saint Barthélemy",
    "flagColors": []
  },
  {
    "capital": "Jamestown",
    "code": "sh-hl",
    "continent": "Africa",
    "name": "Saint Helena",
    "flagColors": []
  },
  {
    "capital": "Jamestown",
    "code": "sh",
    "continent": "Africa",
    "name": "Saint Helena, Ascension and Tristan da Cunha",
    "flagColors": []
  },
  {
    "capital": "Basseterre",
    "code": "kn",
    "continent": "North America",
    "name": "Saint Kitts and Nevis",
    "threeLetterCode": "KNA",
    "flagColors": []
  },
  {
    "capital": "Castries",
    "code": "lc",
    "continent": "North America",
    "name": "Saint Lucia",
    "threeLetterCode": "LCA",
    "flagColors": []
  },
  {
    "capital": "Marigot",
    "code": "mf",
    "continent": "North America",
    "name": "Saint Martin",
    "flagColors": []
  },
  {
    "capital": "Saint-Pierre",
    "code": "pm",
    "continent": "North America",
    "name": "Saint Pierre and Miquelon",
    "flagColors": []
  },
  {
    "capital": "Kingstown",
    "code": "vc",
    "continent": "North America",
    "name": "Saint Vincent and the Grenadines",
    "threeLetterCode": "VCT",
    "flagColors": []
  },
  {
    "capital": "Apia",
    "code": "ws",
    "continent": "Oceania",
    "name": "Samoa",
    "threeLetterCode": "WSM",
    "flagColors": []
  },
  {
    "capital": "San Marino",
    "code": "sm",
    "continent": "Europe",
    "name": "San Marino",
    "threeLetterCode": "SMR",
    "flagColors": []
  },
  {
    "capital": "São Tomé",
    "code": "st",
    "continent": "Africa",
    "name": "Sao Tome and Principe",
    "threeLetterCode": "STP",
    "flagColors": []
  },
  {
    "capital": "Riyadh",
    "code": "sa",
    "continent": "Asia",
    "name": "Saudi Arabia",
    "threeLetterCode": "SAU",
    "flagColors": []
  },
  {
    "capital": "Edinburgh",
    "code": "gb-sct",
    "continent": "Europe",
    "name": "Scotland",
    "flagColors": []
  },
  {
    "capital": "Dakar",
    "code": "sn",
    "continent": "Africa",
    "name": "Senegal",
    "threeLetterCode": "SEN",
    "flagColors": []
  },
  {
    "capital": "Belgrade",
    "code": "rs",
    "continent": "Europe",
    "name": "Serbia",
    "threeLetterCode": "SRB",
    "flagColors": []
  },
  {
    "capital": "Victoria",
    "code": "sc",
    "continent": "Africa",
    "name": "Seychelles",
    "threeLetterCode": "SYC",
    "flagColors": []
  },
  {
    "capital": "Freetown",
    "code": "sl",
    "continent": "Africa",
    "name": "Sierra Leone",
    "threeLetterCode": "SLE",
    "flagColors": []
  },
  {
    "capital": "Singapore",
    "code": "sg",
    "continent": "Asia",
    "name": "Singapore",
    "threeLetterCode": "SGP",
    "flagColors": []
  },
  {
    "capital": "Philipsburg",
    "code": "sx",
    "continent": "North America",
    "name": "Sint Maarten",
    "flagColors": []
  },
  {
    "capital": "Bratislava",
    "code": "sk",
    "continent": "Europe",
    "name": "Slovakia",
    "threeLetterCode": "SVK",
    "flagColors": []
  },
  {
    "capital": "Ljubljana",
    "code": "si",
    "continent": "Europe",
    "name": "Slovenia",
    "threeLetterCode": "SVN",
    "flagColors": []
  },
  {
    "capital": "Honiara",
    "code": "sb",
    "continent": "Oceania",
    "name": "Solomon Islands",
    "threeLetterCode": "SLB",
    "flagColors": []
  },
  {
    "capital": "Mogadishu",
    "code": "so",
    "continent": "Africa",
    "name": "Somalia",
    "threeLetterCode": "SOM",
    "flagColors": []
  },
  {
    "capital": "Pretoria",
    "code": "za",
    "continent": "Africa",
    "name": "South Africa",
    "threeLetterCode": "ZAF",
    "flagColors": []
  },
  {
    "capital": "King Edward Point",
    "code": "gs",
    "continent": "Antarctica",
    "name": "South Georgia and the South Sandwich Islands",
    "flagColors": []
  },
  {
    "capital": "Seoul",
    "code": "kr",
    "continent": "Asia",
    "name": "South Korea",
    "threeLetterCode": "KOR",
    "flagColors": []
  },
  {
    "capital": "Juba",
    "code": "ss",
    "continent": "Africa",
    "name": "South Sudan",
    "threeLetterCode": "SSD",
    "flagColors": []
  },
  {
    "capital": "Madrid",
    "code": "es",
    "continent": "Europe",
    "name": "Spain",
    "threeLetterCode": "ESP",
    "flagColors": []
  },
  {
    "capital": "Sri Jayawardenepura Kotte, Colombo",
    "code": "lk",
    "continent": "Asia",
    "name": "Sri Lanka",
    "threeLetterCode": "LKA",
    "flagColors": []
  },
  {
    "capital": "Ramallah",
    "code": "ps",
    "continent": "Asia",
    "name": "State of Palestine",
    "threeLetterCode": "PSE",
    "flagColors": []
  },
  {
    "capital": "Khartoum",
    "code": "sd",
    "continent": "Africa",
    "name": "Sudan",
    "threeLetterCode": "SDN",
    "flagColors": []
  },
  {
    "capital": "Paramaribo",
    "code": "sr",
    "continent": "South America",
    "name": "Suriname",
    "threeLetterCode": "SUR",
    "flagColors": []
  },
  {
    "capital": "Longyearbyen",
    "code": "sj",
    "continent": "Europe",
    "name": "Svalbard and Jan Mayen",
    "flagColors": []
  },
  {
    "capital": "Stockholm",
    "code": "se",
    "continent": "Europe",
    "name": "Sweden",
    "threeLetterCode": "SWE",
    "flagColors": []
  },
  {
    "capital": "Bern",
    "code": "ch",
    "continent": "Europe",
    "name": "Switzerland",
    "threeLetterCode": "CHE",
    "flagColors": []
  },
  {
    "capital": "Damascus",
    "code": "sy",
    "continent": "Asia",
    "name": "Syria",
    "threeLetterCode": "SYR",
    "flagColors": []
  },
  {
    "capital": "Taipei",
    "code": "tw",
    "continent": "Asia",
    "name": "Taiwan",
    "threeLetterCode": "TWN",
    "flagColors": []
  },
  {
    "capital": "Dushanbe",
    "code": "tj",
    "continent": "Asia",
    "name": "Tajikistan",
    "threeLetterCode": "TJK",
    "flagColors": []
  },
  {
    "capital": "Dodoma",
    "code": "tz",
    "continent": "Africa",
    "name": "Tanzania",
    "threeLetterCode": "TZA",
    "flagColors": []
  },
  {
    "capital": "Bangkok",
    "code": "th",
    "continent": "Asia",
    "name": "Thailand",
    "threeLetterCode": "THA",
    "flagColors": []
  },
  {
    "capital": "Dili",
    "code": "tl",
    "continent": "Asia",
    "name": "Timor-Leste",
    "threeLetterCode": "TLS",
    "flagColors": []
  },
  {
    "capital": "Lomé",
    "code": "tg",
    "continent": "Africa",
    "name": "Togo",
    "threeLetterCode": "TGO",
    "flagColors": []
  },
  {
    "capital": "Nukunonu, Atafu,Tokelau",
    "code": "tk",
    "continent": "Oceania",
    "name": "Tokelau",
    "flagColors": []
  },
  {
    "capital": "Nukuʻalofa",
    "code": "to",
    "continent": "Oceania",
    "name": "Tonga",
    "threeLetterCode": "TON",
    "flagColors": []
  },
  {
    "capital": "Port of Spain",
    "code": "tt",
    "continent": "South America",
    "name": "Trinidad and Tobago",
    "threeLetterCode": "TTO",
    "flagColors": []
  },
  {
    "capital": "Edinburgh of the Seven Seas",
    "code": "sh-ta",
    "continent": "Africa",
    "name": "Tristan da Cunha",
    "flagColors": []
  },
  {
    "capital": "Tunis",
    "code": "tn",
    "continent": "Africa",
    "name": "Tunisia",
    "threeLetterCode": "TUN",
    "flagColors": []
  },
  {
    "capital": "Ashgabat",
    "code": "tm",
    "continent": "Asia",
    "name": "Turkmenistan",
    "threeLetterCode": "TKM",
    "flagColors": []
  },
  {
    "capital": "Cockburn Town",
    "code": "tc",
    "continent": "North America",
    "name": "Turks and Caicos Islands",
    "flagColors": []
  },
  {
    "capital": "Funafuti",
    "code": "tv",
    "continent": "Oceania",
    "name": "Tuvalu",
    "threeLetterCode": "TUV",
    "flagColors": []
  },
  {
    "capital": "Ankara",
    "code": "tr",
    "continent": "Asia",
    "name": "Türkiye",
    "threeLetterCode": "TUR",
    "flagColors": []
  },
  {
    "capital": "Kampala",
    "code": "ug",
    "continent": "Africa",
    "name": "Uganda",
    "threeLetterCode": "UGA",
    "flagColors": []
  },
  {
    "capital": "Kiev",
    "code": "ua",
    "continent": "Europe",
    "name": "Ukraine",
    "threeLetterCode": "UKR",
    "flagColors": []
  },
  {
    "capital": "Abu Dhabi",
    "code": "ae",
    "continent": "Asia",
    "name": "United Arab Emirates",
    "threeLetterCode": "ARE",
    "flagColors": []
  },
  {
    "capital": "London",
    "code": "gb",
    "continent": "Europe",
    "name": "United Kingdom",
    "threeLetterCode": "GBR",
    "flagColors": []
  },
  {
    "code": "un",
    "name": "United Nations",
    "flagColors": []
  },
  {
    "capital": "Washington, D.C.",
    "code": "um",
    "continent": "North America",
    "name": "United States Minor Outlying Islands",
    "flagColors": []
  },
  {
    "capital": "Washington, D.C.",
    "code": "us",
    "continent": "North America",
    "name": "United States of America",
    "threeLetterCode": "USA",
    "flagColors": []
  },
  {
    "code": "xx",
    "name": "Unknown",
    "flagColors": []
  },
  {
    "capital": "Montevideo",
    "code": "uy",
    "continent": "South America",
    "name": "Uruguay",
    "threeLetterCode": "URY",
    "flagColors": []
  },
  {
    "capital": "Tashkent",
    "code": "uz",
    "continent": "Asia",
    "name": "Uzbekistan",
    "threeLetterCode": "UZB",
    "flagColors": []
  },
  {
    "capital": "Port Vila",
    "code": "vu",
    "continent": "Oceania",
    "name": "Vanuatu",
    "threeLetterCode": "VUT",
    "flagColors": []
  },
  {
    "capital": "Caracas",
    "code": "ve",
    "continent": "South America",
    "name": "Venezuela",
    "threeLetterCode": "VEN",
    "flagColors": []
  },
  {
    "capital": "Hanoi",
    "code": "vn",
    "continent": "Asia",
    "name": "Vietnam",
    "threeLetterCode": "VNM",
    "flagColors": []
  },
  {
    "capital": "Road Town",
    "code": "vg",
    "continent": "North America",
    "name": "Virgin Islands (British)",
    "flagColors": []
  },
  {
    "capital": "Charlotte Amalie",
    "code": "vi",
    "continent": "North America",
    "name": "Virgin Islands (U.S.)",
    "flagColors": []
  },
  {
    "capital": "Cardiff",
    "code": "gb-wls",
    "continent": "Europe",
    "name": "Wales",
    "flagColors": []
  },
  {
    "capital": "Mata-Utu",
    "code": "wf",
    "continent": "Oceania",
    "name": "Wallis and Futuna",
    "flagColors": []
  },
  {
    "capital": "Laayoune",
    "code": "eh",
    "continent": "Africa",
    "name": "Western Sahara",
    "flagColors": []
  },
  {
    "capital": "Sana'a",
    "code": "ye",
    "continent": "Asia",
    "name": "Yemen",
    "threeLetterCode": "YEM",
    "flagColors": []
  },
  {
    "capital": "Lusaka",
    "code": "zm",
    "continent": "Africa",
    "name": "Zambia",
    "threeLetterCode": "ZMB",
    "flagColors": []
  },
  {
    "capital": "Harare",
    "code": "zw",
    "continent": "Africa",
    "name": "Zimbabwe",
    "threeLetterCode": "ZWE",
    "flagColors": []
  }
]
